52.3382695,17.496645,2018-05-26T17:24:18.000Z
52.3382705,17.496642667,2018-05-26T17:24:19.000Z
52.3382705,17.496641167,2018-05-26T17:24:20.000Z
52.338269667,17.4966375,2018-05-26T17:24:21.000Z
52.338270333,17.496634833,2018-05-26T17:24:22.000Z
52.3382685,17.496637667,2018-05-26T17:24:23.000Z
52.338267167,17.496636167,2018-05-26T17:24:24.000Z
52.338268,17.496633167,2018-05-26T17:24:25.000Z
52.3382685,17.496636,2018-05-26T17:24:26.000Z
52.338267833,17.496638667,2018-05-26T17:24:27.000Z
52.338267167,17.496640667,2018-05-26T17:24:28.000Z
52.3382635,17.4966495,2018-05-26T17:24:29.000Z
52.338262333,17.496651,2018-05-26T17:24:30.000Z
52.338261667,17.496651667,2018-05-26T17:24:31.000Z
52.338262667,17.496653,2018-05-26T17:24:32.000Z
52.338263667,17.496649833,2018-05-26T17:24:33.000Z
52.338264167,17.496650667,2018-05-26T17:24:34.000Z
52.338264,17.496650167,2018-05-26T17:24:35.000Z
52.3382645,17.496651167,2018-05-26T17:24:36.000Z
52.338264667,17.496654667,2018-05-26T17:24:37.000Z
52.338264667,17.496655167,2018-05-26T17:24:38.000Z
52.338264833,17.496656,2018-05-26T17:24:39.000Z
52.338265333,17.496654333,2018-05-26T17:24:40.000Z
52.338262167,17.496657333,2018-05-26T17:24:42.000Z
52.338261833,17.4966545,2018-05-26T17:24:43.000Z
52.3382625,17.496652667,2018-05-26T17:24:44.000Z
52.338263,17.4966525,2018-05-26T17:24:45.000Z
52.338262333,17.496652833,2018-05-26T17:24:46.000Z
52.338261833,17.496652667,2018-05-26T17:24:47.000Z
52.3382615,17.496652833,2018-05-26T17:24:48.000Z
52.338261,17.496651833,2018-05-26T17:24:49.000Z
52.338260333,17.496650667,2018-05-26T17:24:50.000Z
52.338260167,17.4966495,2018-05-26T17:24:51.000Z
52.33826,17.496649167,2018-05-26T17:24:52.000Z
52.338259667,17.496648833,2018-05-26T17:24:53.000Z
52.338259167,17.496648667,2018-05-26T17:24:54.000Z
52.338258833,17.496649,2018-05-26T17:24:55.000Z
52.338258167,17.496648833,2018-05-26T17:24:56.000Z
52.338257667,17.496648833,2018-05-26T17:24:57.000Z
52.338257167,17.496649,2018-05-26T17:24:58.000Z
52.338256667,17.4966495,2018-05-26T17:24:59.000Z
52.338256167,17.496649667,2018-05-26T17:25:00.000Z
52.338255333,17.496649833,2018-05-26T17:25:01.000Z
52.338255,17.4966495,2018-05-26T17:25:02.000Z
52.338254667,17.496649167,2018-05-26T17:25:03.000Z
52.3382545,17.496648833,2018-05-26T17:25:04.000Z
52.338254,17.496649667,2018-05-26T17:25:05.000Z
52.338253833,17.4966505,2018-05-26T17:25:06.000Z
52.3382555,17.496653167,2018-05-26T17:25:07.000Z
52.338254167,17.496657333,2018-05-26T17:25:08.000Z
52.338253167,17.4966555,2018-05-26T17:25:09.000Z
52.338253833,17.496657,2018-05-26T17:25:10.000Z
52.338255333,17.496657833,2018-05-26T17:25:11.000Z
52.338255667,17.496661167,2018-05-26T17:25:12.000Z
52.3382555,17.496664667,2018-05-26T17:25:13.000Z
52.338253833,17.4966655,2018-05-26T17:25:14.000Z
52.338253167,17.496669833,2018-05-26T17:25:15.000Z
52.338252833,17.496668667,2018-05-26T17:25:16.000Z
52.338252833,17.496668667,2018-05-26T17:25:17.000Z
52.3382525,17.496659667,2018-05-26T17:25:18.000Z
52.338251,17.496658,2018-05-26T17:25:19.000Z
52.338251667,17.4966575,2018-05-26T17:25:20.000Z
52.338251167,17.496656,2018-05-26T17:25:21.000Z
52.338249833,17.496655,2018-05-26T17:25:22.000Z
52.3382515,17.496656167,2018-05-26T17:25:23.000Z
52.3382515,17.496654833,2018-05-26T17:25:24.000Z
52.3382535,17.496654667,2018-05-26T17:25:25.000Z
52.338253667,17.496655167,2018-05-26T17:25:26.000Z
52.338254167,17.4966525,2018-05-26T17:25:27.000Z
52.338255667,17.4966535,2018-05-26T17:25:28.000Z
52.338256167,17.496659667,2018-05-26T17:25:29.000Z
52.338258833,17.496667,2018-05-26T17:25:30.000Z
52.338258167,17.496669833,2018-05-26T17:25:31.000Z
52.338257167,17.496671667,2018-05-26T17:25:32.000Z
52.338255333,17.496674833,2018-05-26T17:25:33.000Z
52.3382545,17.496677167,2018-05-26T17:25:34.000Z
52.338254,17.496678667,2018-05-26T17:25:35.000Z
52.338255667,17.4966795,2018-05-26T17:25:36.000Z
52.338255833,17.49668,2018-05-26T17:25:37.000Z
52.338255,17.496679667,2018-05-26T17:25:38.000Z
52.3382545,17.496679167,2018-05-26T17:25:39.000Z
52.338255,17.4966775,2018-05-26T17:25:40.000Z
52.338255667,17.496673167,2018-05-26T17:25:41.000Z
52.338251333,17.496664333,2018-05-26T17:25:42.000Z
52.338242333,17.496650667,2018-05-26T17:25:43.000Z
52.338219167,17.49659,2018-05-26T17:25:44.000Z
52.338178167,17.496478667,2018-05-26T17:25:45.000Z
52.338121667,17.496358,2018-05-26T17:25:46.000Z
52.3380705,17.496238333,2018-05-26T17:25:47.000Z
52.338038,17.496143667,2018-05-26T17:25:48.000Z
52.337998167,17.496068167,2018-05-26T17:25:49.000Z
52.337952167,17.496016,2018-05-26T17:25:50.000Z
52.337882833,17.495978833,2018-05-26T17:25:51.000Z
52.337804833,17.495961667,2018-05-26T17:25:52.000Z
52.337722667,17.495977333,2018-05-26T17:25:53.000Z
52.3376845,17.496074667,2018-05-26T17:25:54.000Z
52.337692667,17.496211,2018-05-26T17:25:55.000Z
52.337737,17.4963805,2018-05-26T17:25:56.000Z
52.337781,17.496571667,2018-05-26T17:25:57.000Z
52.337831,17.496740167,2018-05-26T17:25:58.000Z
52.337891667,17.496939833,2018-05-26T17:25:59.000Z
52.337957833,17.497149,2018-05-26T17:26:00.000Z
52.3380155,17.497322333,2018-05-26T17:26:01.000Z
52.338048667,17.497479167,2018-05-26T17:26:02.000Z
52.338053667,17.497584,2018-05-26T17:26:03.000Z
52.338030333,17.497654333,2018-05-26T17:26:04.000Z
52.337988167,17.497664667,2018-05-26T17:26:05.000Z
52.337935,17.497610333,2018-05-26T17:26:06.000Z
52.337879333,17.497486,2018-05-26T17:26:07.000Z
52.337809,17.497311833,2018-05-26T17:26:08.000Z
52.337742167,17.497157333,2018-05-26T17:26:09.000Z
52.337673,17.496993667,2018-05-26T17:26:10.000Z
52.337585167,17.496832667,2018-05-26T17:26:11.000Z
52.337506833,17.496714167,2018-05-26T17:26:12.000Z
52.337423,17.4966585,2018-05-26T17:26:13.000Z
52.337341167,17.496704167,2018-05-26T17:26:14.000Z
52.3372605,17.496824167,2018-05-26T17:26:15.000Z
52.337153167,17.496949667,2018-05-26T17:26:16.000Z
52.337029833,17.497089,2018-05-26T17:26:17.000Z
52.336899167,17.4972455,2018-05-26T17:26:18.000Z
52.336802,17.497411167,2018-05-26T17:26:19.000Z
52.3367045,17.4975845,2018-05-26T17:26:20.000Z
52.336598,17.497930833,2018-05-26T17:26:22.000Z
52.336574167,17.498045333,2018-05-26T17:26:23.000Z
52.3365725,17.498133333,2018-05-26T17:26:24.000Z
52.336631,17.498247167,2018-05-26T17:26:25.000Z
52.336694,17.498228833,2018-05-26T17:26:26.000Z
52.336738833,17.498153167,2018-05-26T17:26:27.000Z
52.336772,17.498031,2018-05-26T17:26:28.000Z
52.336806,17.497947,2018-05-26T17:26:29.000Z
52.336849167,17.497901333,2018-05-26T17:26:30.000Z
52.336891333,17.497916667,2018-05-26T17:26:31.000Z
52.336910667,17.4979775,2018-05-26T17:26:32.000Z
52.336901,17.498110333,2018-05-26T17:26:33.000Z
52.3368985,17.498241833,2018-05-26T17:26:34.000Z
52.336917167,17.498329667,2018-05-26T17:26:35.000Z
52.336974833,17.4983845,2018-05-26T17:26:36.000Z
52.337063,17.498411333,2018-05-26T17:26:37.000Z
52.337169833,17.498420833,2018-05-26T17:26:38.000Z
52.337271667,17.498417667,2018-05-26T17:26:39.000Z
52.3373505,17.498392667,2018-05-26T17:26:40.000Z
52.337419333,17.498345,2018-05-26T17:26:41.000Z
52.3374705,17.498264833,2018-05-26T17:26:42.000Z
52.337488333,17.498165167,2018-05-26T17:26:43.000Z
52.337457667,17.498074,2018-05-26T17:26:44.000Z
52.337392333,17.498018,2018-05-26T17:26:45.000Z
52.337308,17.497977,2018-05-26T17:26:46.000Z
52.3372245,17.497930667,2018-05-26T17:26:47.000Z
52.337165833,17.497865333,2018-05-26T17:26:48.000Z
52.337141333,17.497758667,2018-05-26T17:26:49.000Z
52.337142333,17.49762,2018-05-26T17:26:50.000Z
52.3371655,17.497465333,2018-05-26T17:26:51.000Z
52.337208833,17.497282667,2018-05-26T17:26:52.000Z
52.3372685,17.497124333,2018-05-26T17:26:53.000Z
52.337347333,17.497022333,2018-05-26T17:26:54.000Z
52.337437,17.496979,2018-05-26T17:26:55.000Z
52.3375125,17.497028,2018-05-26T17:26:56.000Z
52.337592833,17.4971535,2018-05-26T17:26:57.000Z
52.337667833,17.497287,2018-05-26T17:26:58.000Z
52.337716167,17.497442,2018-05-26T17:26:59.000Z
52.3377635,17.497592833,2018-05-26T17:27:00.000Z
52.337779333,17.4977415,2018-05-26T17:27:01.000Z
52.337771167,17.497883833,2018-05-26T17:27:02.000Z
52.337723333,17.498052667,2018-05-26T17:27:03.000Z
52.337663667,17.498211,2018-05-26T17:27:04.000Z
52.337616333,17.498345333,2018-05-26T17:27:05.000Z
52.337598667,17.498440333,2018-05-26T17:27:06.000Z
52.337618333,17.498517167,2018-05-26T17:27:07.000Z
52.337689833,17.498570833,2018-05-26T17:27:08.000Z
52.337768833,17.498628667,2018-05-26T17:27:09.000Z
52.337854,17.498674333,2018-05-26T17:27:10.000Z
52.337932667,17.498710333,2018-05-26T17:27:11.000Z
52.338009167,17.498742333,2018-05-26T17:27:12.000Z
52.338077333,17.498769333,2018-05-26T17:27:13.000Z
52.3381385,17.498769333,2018-05-26T17:27:14.000Z
52.338179,17.498714167,2018-05-26T17:27:15.000Z
52.338169833,17.498637333,2018-05-26T17:27:16.000Z
52.338115333,17.498548167,2018-05-26T17:27:17.000Z
52.338042667,17.498464667,2018-05-26T17:27:18.000Z
52.337983333,17.498392,2018-05-26T17:27:19.000Z
52.33795,17.498323333,2018-05-26T17:27:20.000Z
52.337955333,17.498244333,2018-05-26T17:27:21.000Z
52.337988333,17.498191,2018-05-26T17:27:22.000Z
52.338048667,17.498192167,2018-05-26T17:27:23.000Z
52.338116167,17.498270167,2018-05-26T17:27:24.000Z
52.338180833,17.498423333,2018-05-26T17:27:25.000Z
52.3382515,17.498560667,2018-05-26T17:27:26.000Z
52.338321167,17.4987065,2018-05-26T17:27:27.000Z
52.338402167,17.498834167,2018-05-26T17:27:28.000Z
52.338489167,17.498922167,2018-05-26T17:27:29.000Z
52.338587,17.4989335,2018-05-26T17:27:30.000Z
52.338670167,17.498887833,2018-05-26T17:27:31.000Z
52.3387215,17.4988075,2018-05-26T17:27:32.000Z
52.338739667,17.49871,2018-05-26T17:27:33.000Z
52.338725,17.498561833,2018-05-26T17:27:34.000Z
52.338685167,17.498372333,2018-05-26T17:27:35.000Z
52.338626833,17.498199667,2018-05-26T17:27:36.000Z
52.3385825,17.498061,2018-05-26T17:27:37.000Z
52.338533667,17.4979035,2018-05-26T17:27:38.000Z
52.338462833,17.4977135,2018-05-26T17:27:39.000Z
52.3383995,17.497506667,2018-05-26T17:27:40.000Z
52.338339667,17.497323333,2018-05-26T17:27:41.000Z
52.338271,17.4971135,2018-05-26T17:27:42.000Z
52.338192833,17.496879667,2018-05-26T17:27:43.000Z
52.3381195,17.496674333,2018-05-26T17:27:44.000Z
52.338055333,17.4965,2018-05-26T17:27:45.000Z
52.337989833,17.496330833,2018-05-26T17:27:46.000Z
52.337917333,17.496159167,2018-05-26T17:27:47.000Z
52.337845667,17.4960045,2018-05-26T17:27:48.000Z
52.337777167,17.495927167,2018-05-26T17:27:49.000Z
52.337714667,17.495894667,2018-05-26T17:27:50.000Z
52.337667167,17.495959833,2018-05-26T17:27:51.000Z
52.337655833,17.4960825,2018-05-26T17:27:52.000Z
52.337680167,17.496238,2018-05-26T17:27:53.000Z
52.337738833,17.496415333,2018-05-26T17:27:54.000Z
52.337795167,17.496581333,2018-05-26T17:27:55.000Z
52.337853833,17.496777333,2018-05-26T17:27:56.000Z
52.337916,17.496978333,2018-05-26T17:27:57.000Z
52.3379695,17.497163833,2018-05-26T17:27:58.000Z
52.338008667,17.497326,2018-05-26T17:27:59.000Z
52.338039167,17.497568833,2018-05-26T17:28:01.000Z
52.338019333,17.4976115,2018-05-26T17:28:02.000Z
52.337974,17.497608667,2018-05-26T17:28:03.000Z
52.337924667,17.4975385,2018-05-26T17:28:04.000Z
52.337866333,17.497399333,2018-05-26T17:28:05.000Z
52.3377875,17.497231667,2018-05-26T17:28:06.000Z
52.337721833,17.497062,2018-05-26T17:28:07.000Z
52.337637167,17.496887667,2018-05-26T17:28:08.000Z
52.337549,17.496733167,2018-05-26T17:28:09.000Z
52.337469,17.496636667,2018-05-26T17:28:10.000Z
52.337391667,17.496612167,2018-05-26T17:28:11.000Z
52.337304833,17.496701333,2018-05-26T17:28:12.000Z
52.337213,17.496848167,2018-05-26T17:28:13.000Z
52.3371195,17.497003667,2018-05-26T17:28:14.000Z
52.3370105,17.497180833,2018-05-26T17:28:15.000Z
52.3368945,17.497384,2018-05-26T17:28:16.000Z
52.336795167,17.497566167,2018-05-26T17:28:17.000Z
52.3367165,17.4977485,2018-05-26T17:28:18.000Z
52.336655,17.497924667,2018-05-26T17:28:19.000Z
52.336619167,17.498075333,2018-05-26T17:28:20.000Z
52.3366175,17.498184333,2018-05-26T17:28:21.000Z
52.3366485,17.4982835,2018-05-26T17:28:22.000Z
52.336706667,17.498306333,2018-05-26T17:28:23.000Z
52.336746333,17.498256667,2018-05-26T17:28:24.000Z
52.3367805,17.498120333,2018-05-26T17:28:25.000Z
52.336818333,17.497995667,2018-05-26T17:28:26.000Z
52.336860667,17.497923,2018-05-26T17:28:27.000Z
52.3369055,17.497921,2018-05-26T17:28:28.000Z
52.336927167,17.497981,2018-05-26T17:28:29.000Z
52.336919167,17.4981065,2018-05-26T17:28:30.000Z
52.336920333,17.49824,2018-05-26T17:28:31.000Z
52.336943667,17.4983275,2018-05-26T17:28:32.000Z
52.337002,17.498378333,2018-05-26T17:28:33.000Z
52.3370865,17.49842,2018-05-26T17:28:34.000Z
52.337189667,17.498428833,2018-05-26T17:28:35.000Z
52.3372855,17.498429333,2018-05-26T17:28:36.000Z
52.3373695,17.49841,2018-05-26T17:28:37.000Z
52.337439333,17.498350333,2018-05-26T17:28:38.000Z
52.337482167,17.498255667,2018-05-26T17:28:39.000Z
52.337485333,17.4981505,2018-05-26T17:28:40.000Z
52.337446333,17.498060333,2018-05-26T17:28:41.000Z
52.337370833,17.498015167,2018-05-26T17:28:42.000Z
52.337275167,17.497973,2018-05-26T17:28:43.000Z
52.337194833,17.497929333,2018-05-26T17:28:44.000Z
52.337140333,17.497853,2018-05-26T17:28:45.000Z
52.3371335,17.497722833,2018-05-26T17:28:46.000Z
52.337154667,17.497569833,2018-05-26T17:28:47.000Z
52.337193667,17.497395667,2018-05-26T17:28:48.000Z
52.337246167,17.497224667,2018-05-26T17:28:49.000Z
52.337309,17.4970735,2018-05-26T17:28:50.000Z
52.3373875,17.4969785,2018-05-26T17:28:51.000Z
52.337474,17.4969595,2018-05-26T17:28:52.000Z
52.3375565,17.497007833,2018-05-26T17:28:53.000Z
52.337635667,17.497152333,2018-05-26T17:28:54.000Z
52.3377015,17.497286667,2018-05-26T17:28:55.000Z
52.3377545,17.497424833,2018-05-26T17:28:56.000Z
52.3377995,17.497568,2018-05-26T17:28:57.000Z
52.3378165,17.497718333,2018-05-26T17:28:58.000Z
52.337804333,17.49787,2018-05-26T17:28:59.000Z
52.337759167,17.498037,2018-05-26T17:29:00.000Z
52.337697333,17.498200333,2018-05-26T17:29:01.000Z
52.337638833,17.498349667,2018-05-26T17:29:02.000Z
52.337619167,17.498461667,2018-05-26T17:29:03.000Z
52.3376385,17.498526,2018-05-26T17:29:04.000Z
52.337707333,17.4985645,2018-05-26T17:29:05.000Z
52.337795667,17.498613833,2018-05-26T17:29:06.000Z
52.337883,17.498651,2018-05-26T17:29:07.000Z
52.337957,17.498675333,2018-05-26T17:29:08.000Z
52.3380325,17.498696,2018-05-26T17:29:09.000Z
52.338106333,17.498716,2018-05-26T17:29:10.000Z
52.338175167,17.498711,2018-05-26T17:29:11.000Z
52.338220333,17.4986655,2018-05-26T17:29:12.000Z
52.338216333,17.498588833,2018-05-26T17:29:13.000Z
52.338183,17.498487167,2018-05-26T17:29:14.000Z
52.338124333,17.498388333,2018-05-26T17:29:15.000Z
52.3380745,17.498315333,2018-05-26T17:29:16.000Z
52.338042667,17.498245833,2018-05-26T17:29:17.000Z
52.338048667,17.498169167,2018-05-26T17:29:18.000Z
52.338087167,17.498132,2018-05-26T17:29:19.000Z
52.338148333,17.498160167,2018-05-26T17:29:20.000Z
52.338208833,17.498252167,2018-05-26T17:29:21.000Z
52.338273667,17.498380833,2018-05-26T17:29:22.000Z
52.3383285,17.498512667,2018-05-26T17:29:23.000Z
52.338385667,17.49866,2018-05-26T17:29:24.000Z
52.3384605,17.498810333,2018-05-26T17:29:25.000Z
52.3385425,17.498903333,2018-05-26T17:29:26.000Z
52.338639667,17.498915833,2018-05-26T17:29:27.000Z
52.33872,17.4988605,2018-05-26T17:29:28.000Z
52.338755833,17.498769667,2018-05-26T17:29:29.000Z
52.338759333,17.498621667,2018-05-26T17:29:30.000Z
52.3387295,17.498444333,2018-05-26T17:29:31.000Z
52.338685833,17.498259333,2018-05-26T17:29:32.000Z
52.338637667,17.498103333,2018-05-26T17:29:33.000Z
52.338585,17.497944833,2018-05-26T17:29:34.000Z
52.338509833,17.497751167,2018-05-26T17:29:35.000Z
52.338440667,17.497524167,2018-05-26T17:29:36.000Z
52.338382167,17.497327667,2018-05-26T17:29:37.000Z
52.338310167,17.497117,2018-05-26T17:29:38.000Z
52.338143333,17.496686,2018-05-26T17:29:40.000Z
52.3380795,17.4965175,2018-05-26T17:29:41.000Z
52.338013833,17.4963355,2018-05-26T17:29:42.000Z
52.337939,17.496156333,2018-05-26T17:29:43.000Z
52.3378675,17.4960105,2018-05-26T17:29:44.000Z
52.3377965,17.495931167,2018-05-26T17:29:45.000Z
52.337721667,17.495915333,2018-05-26T17:29:46.000Z
52.337675333,17.495991667,2018-05-26T17:29:47.000Z
52.337663667,17.496123,2018-05-26T17:29:48.000Z
52.337696167,17.496295,2018-05-26T17:29:49.000Z
52.337760667,17.496495167,2018-05-26T17:29:50.000Z
52.337816333,17.4966645,2018-05-26T17:29:51.000Z
52.337885167,17.496858,2018-05-26T17:29:52.000Z
52.337951,17.497062333,2018-05-26T17:29:53.000Z
52.338001833,17.497239333,2018-05-26T17:29:54.000Z
52.338040833,17.497390667,2018-05-26T17:29:55.000Z
52.3380575,17.497515167,2018-05-26T17:29:56.000Z
52.3380525,17.497608,2018-05-26T17:29:57.000Z
52.3380105,17.497642,2018-05-26T17:29:58.000Z
52.3379575,17.497615667,2018-05-26T17:29:59.000Z
52.3378995,17.4975135,2018-05-26T17:30:00.000Z
52.337834167,17.497362167,2018-05-26T17:30:01.000Z
52.337760667,17.497216833,2018-05-26T17:30:02.000Z
52.3377005,17.497079333,2018-05-26T17:30:03.000Z
52.337623,17.4969135,2018-05-26T17:30:04.000Z
52.3375355,17.496768833,2018-05-26T17:30:05.000Z
52.337450833,17.4966825,2018-05-26T17:30:06.000Z
52.337380167,17.49665,2018-05-26T17:30:07.000Z
52.337305833,17.496722167,2018-05-26T17:30:08.000Z
52.337219667,17.496857333,2018-05-26T17:30:09.000Z
52.337128167,17.497016333,2018-05-26T17:30:10.000Z
52.3370195,17.497202167,2018-05-26T17:30:11.000Z
52.336907167,17.497388833,2018-05-26T17:30:12.000Z
52.336806667,17.497578167,2018-05-26T17:30:13.000Z
52.336713167,17.4977525,2018-05-26T17:30:14.000Z
52.336651667,17.497911833,2018-05-26T17:30:15.000Z
52.336620667,17.4980495,2018-05-26T17:30:16.000Z
52.3366115,17.498169667,2018-05-26T17:30:17.000Z
52.3366305,17.498270167,2018-05-26T17:30:18.000Z
52.336678167,17.498322167,2018-05-26T17:30:19.000Z
52.336718833,17.498299333,2018-05-26T17:30:20.000Z
52.3367495,17.498238333,2018-05-26T17:30:21.000Z
52.336773333,17.498132833,2018-05-26T17:30:22.000Z
52.336794833,17.498015833,2018-05-26T17:30:23.000Z
52.3368225,17.497935,2018-05-26T17:30:24.000Z
52.336866,17.4979035,2018-05-26T17:30:25.000Z
52.336904833,17.497926333,2018-05-26T17:30:26.000Z
52.3369175,17.498008833,2018-05-26T17:30:27.000Z
52.336901833,17.498132667,2018-05-26T17:30:28.000Z
52.336903333,17.49827,2018-05-26T17:30:29.000Z
52.336929,17.498335167,2018-05-26T17:30:30.000Z
52.3369875,17.49838,2018-05-26T17:30:31.000Z
52.337072833,17.498404,2018-05-26T17:30:32.000Z
52.337177167,17.498416167,2018-05-26T17:30:33.000Z
52.3372735,17.4984245,2018-05-26T17:30:34.000Z
52.3373565,17.4984125,2018-05-26T17:30:35.000Z
52.337429833,17.498374667,2018-05-26T17:30:36.000Z
52.3374705,17.498278,2018-05-26T17:30:37.000Z
52.3374755,17.4981725,2018-05-26T17:30:38.000Z
52.337433833,17.498070667,2018-05-26T17:30:39.000Z
52.337357,17.498005667,2018-05-26T17:30:40.000Z
52.337274,17.497963667,2018-05-26T17:30:41.000Z
52.337198,17.497917667,2018-05-26T17:30:42.000Z
52.337143667,17.497838333,2018-05-26T17:30:43.000Z
52.337127333,17.4977275,2018-05-26T17:30:44.000Z
52.337141667,17.497584167,2018-05-26T17:30:45.000Z
52.337176833,17.497412667,2018-05-26T17:30:46.000Z
52.337224167,17.497220833,2018-05-26T17:30:47.000Z
52.3372865,17.49707,2018-05-26T17:30:48.000Z
52.337379333,17.496993,2018-05-26T17:30:49.000Z
52.337460667,17.496993833,2018-05-26T17:30:50.000Z
52.337539,17.497063,2018-05-26T17:30:51.000Z
52.337619667,17.497206667,2018-05-26T17:30:52.000Z
52.337688167,17.497348,2018-05-26T17:30:53.000Z
52.337740167,17.497483667,2018-05-26T17:30:54.000Z
52.337767333,17.497630333,2018-05-26T17:30:55.000Z
52.337762,17.497784,2018-05-26T17:30:56.000Z
52.337729,17.497958167,2018-05-26T17:30:57.000Z
52.337679167,17.498143333,2018-05-26T17:30:58.000Z
52.337630167,17.498316167,2018-05-26T17:30:59.000Z
52.337592,17.498444333,2018-05-26T17:31:00.000Z
52.337598333,17.498542667,2018-05-26T17:31:01.000Z
52.337652,17.498597667,2018-05-26T17:31:02.000Z
52.337733,17.49864,2018-05-26T17:31:03.000Z
52.337814333,17.498653,2018-05-26T17:31:04.000Z
52.337896333,17.498667,2018-05-26T17:31:05.000Z
52.337973167,17.498695667,2018-05-26T17:31:06.000Z
52.3380515,17.498726167,2018-05-26T17:31:07.000Z
52.338130167,17.498739333,2018-05-26T17:31:08.000Z
52.338185833,17.4987075,2018-05-26T17:31:09.000Z
52.3382015,17.4986385,2018-05-26T17:31:10.000Z
52.3381645,17.498552333,2018-05-26T17:31:11.000Z
52.338091333,17.498445333,2018-05-26T17:31:12.000Z
52.3380365,17.4983515,2018-05-26T17:31:13.000Z
52.3380075,17.498270833,2018-05-26T17:31:14.000Z
52.3380145,17.498170833,2018-05-26T17:31:15.000Z
52.338050833,17.498125,2018-05-26T17:31:16.000Z
52.338114667,17.498156667,2018-05-26T17:31:17.000Z
52.338186667,17.4982745,2018-05-26T17:31:18.000Z
52.338255667,17.498430167,2018-05-26T17:31:19.000Z
52.338311,17.498585167,2018-05-26T17:31:20.000Z
52.338491167,17.498835167,2018-05-26T17:31:22.000Z
52.338593333,17.498864833,2018-05-26T17:31:23.000Z
52.338685,17.498839333,2018-05-26T17:31:24.000Z
52.338741667,17.4987685,2018-05-26T17:31:25.000Z
52.338761333,17.498682667,2018-05-26T17:31:26.000Z
52.338758333,17.498548,2018-05-26T17:31:27.000Z
52.338713,17.498378833,2018-05-26T17:31:28.000Z
52.338655667,17.498181667,2018-05-26T17:31:29.000Z
52.338601833,17.498014167,2018-05-26T17:31:30.000Z
52.3385385,17.497828167,2018-05-26T17:31:31.000Z
52.338455833,17.497629667,2018-05-26T17:31:32.000Z
52.338382833,17.497437667,2018-05-26T17:31:33.000Z
52.338311667,17.497266667,2018-05-26T17:31:34.000Z
52.3382325,17.497060833,2018-05-26T17:31:35.000Z
52.338157833,17.496832333,2018-05-26T17:31:36.000Z
52.3380965,17.4966305,2018-05-26T17:31:37.000Z
52.338032333,17.4964525,2018-05-26T17:31:38.000Z
52.337965667,17.496261667,2018-05-26T17:31:39.000Z
52.337894667,17.496092333,2018-05-26T17:31:40.000Z
52.337828333,17.4959835,2018-05-26T17:31:41.000Z
52.3377625,17.495925167,2018-05-26T17:31:42.000Z
52.3377045,17.495927,2018-05-26T17:31:43.000Z
52.337658,17.496018,2018-05-26T17:31:44.000Z
52.337658667,17.4961535,2018-05-26T17:31:45.000Z
52.33771,17.496313667,2018-05-26T17:31:46.000Z
52.3377635,17.496489833,2018-05-26T17:31:47.000Z
52.337818333,17.496652167,2018-05-26T17:31:48.000Z
52.337880333,17.496832167,2018-05-26T17:31:49.000Z
52.337940833,17.497015833,2018-05-26T17:31:50.000Z
52.337991833,17.4971815,2018-05-26T17:31:51.000Z
52.338032333,17.4973235,2018-05-26T17:31:52.000Z
52.338049,17.4974455,2018-05-26T17:31:53.000Z
52.338038333,17.497548,2018-05-26T17:31:54.000Z
52.337991,17.497593333,2018-05-26T17:31:55.000Z
52.337935,17.497534833,2018-05-26T17:31:56.000Z
52.337876,17.497407833,2018-05-26T17:31:57.000Z
52.337812333,17.497229667,2018-05-26T17:31:58.000Z
52.337743167,17.497066833,2018-05-26T17:31:59.000Z
52.3376595,17.4969085,2018-05-26T17:32:00.000Z
52.337567333,17.496758333,2018-05-26T17:32:01.000Z
52.337484,17.496650833,2018-05-26T17:32:02.000Z
52.3373995,17.496601667,2018-05-26T17:32:03.000Z
52.3373195,17.496666833,2018-05-26T17:32:04.000Z
52.33724,17.496812833,2018-05-26T17:32:05.000Z
52.337159333,17.4969735,2018-05-26T17:32:06.000Z
52.337058167,17.497126167,2018-05-26T17:32:07.000Z
52.336942167,17.497292167,2018-05-26T17:32:08.000Z
52.336846333,17.497463667,2018-05-26T17:32:09.000Z
52.3367555,17.497633,2018-05-26T17:32:10.000Z
52.33669,17.497799833,2018-05-26T17:32:11.000Z
52.336647167,17.497960333,2018-05-26T17:32:12.000Z
52.3366225,17.498090667,2018-05-26T17:32:13.000Z
52.336622833,17.498189167,2018-05-26T17:32:14.000Z
52.336659167,17.4982615,2018-05-26T17:32:15.000Z
52.336717167,17.498256667,2018-05-26T17:32:16.000Z
52.336754,17.498175,2018-05-26T17:32:17.000Z
52.336777,17.498043167,2018-05-26T17:32:18.000Z
52.336818,17.4979525,2018-05-26T17:32:19.000Z
52.336851167,17.497894,2018-05-26T17:32:20.000Z
52.3368945,17.497892333,2018-05-26T17:32:21.000Z
52.336924667,17.497943167,2018-05-26T17:32:22.000Z
52.336911,17.498062,2018-05-26T17:32:23.000Z
52.336903333,17.498187833,2018-05-26T17:32:24.000Z
52.336922333,17.498284167,2018-05-26T17:32:25.000Z
52.336976833,17.498346,2018-05-26T17:32:26.000Z
52.3370595,17.498398333,2018-05-26T17:32:27.000Z
52.337155833,17.498415,2018-05-26T17:32:28.000Z
52.337245667,17.498416,2018-05-26T17:32:29.000Z
52.337325,17.498410333,2018-05-26T17:32:30.000Z
52.337393333,17.498383833,2018-05-26T17:32:31.000Z
52.337449667,17.498301167,2018-05-26T17:32:32.000Z
52.337469667,17.4981995,2018-05-26T17:32:33.000Z
52.3374425,17.498106333,2018-05-26T17:32:34.000Z
52.3373825,17.498047667,2018-05-26T17:32:35.000Z
52.337302167,17.498001,2018-05-26T17:32:36.000Z
52.337216667,17.4979495,2018-05-26T17:32:37.000Z
52.337156167,17.497881333,2018-05-26T17:32:38.000Z
52.337124333,17.497787333,2018-05-26T17:32:39.000Z
52.337136333,17.497640667,2018-05-26T17:32:40.000Z
52.337178,17.497467833,2018-05-26T17:32:41.000Z
52.3372365,17.497260833,2018-05-26T17:32:42.000Z
52.337294833,17.497100167,2018-05-26T17:32:43.000Z
52.337372667,17.497007,2018-05-26T17:32:44.000Z
52.3374465,17.496983833,2018-05-26T17:32:45.000Z
52.337529333,17.497042667,2018-05-26T17:32:46.000Z
52.337616167,17.497178333,2018-05-26T17:32:47.000Z
52.3376805,17.497339333,2018-05-26T17:32:48.000Z
52.337732,17.497489833,2018-05-26T17:32:49.000Z
52.3377775,17.497639667,2018-05-26T17:32:50.000Z
52.337786833,17.497779667,2018-05-26T17:32:51.000Z
52.337763,17.497932,2018-05-26T17:32:52.000Z
52.337724167,17.498094333,2018-05-26T17:32:53.000Z
52.337674167,17.498240667,2018-05-26T17:32:54.000Z
52.337624167,17.498364333,2018-05-26T17:32:55.000Z
52.337597167,17.498467333,2018-05-26T17:32:56.000Z
52.3376115,17.498547167,2018-05-26T17:32:57.000Z
52.337671833,17.4985975,2018-05-26T17:32:58.000Z
52.3377625,17.498648167,2018-05-26T17:32:59.000Z
52.337845167,17.498683,2018-05-26T17:33:00.000Z
52.3379995,17.498738667,2018-05-26T17:33:02.000Z
52.338078,17.498754,2018-05-26T17:33:03.000Z
52.338152667,17.498758167,2018-05-26T17:33:04.000Z
52.3382105,17.498708333,2018-05-26T17:33:05.000Z
52.338205,17.498621833,2018-05-26T17:33:06.000Z
52.338149667,17.498536167,2018-05-26T17:33:07.000Z
52.338077167,17.498444667,2018-05-26T17:33:08.000Z
52.338028,17.4983655,2018-05-26T17:33:09.000Z
52.337997167,17.498294,2018-05-26T17:33:10.000Z
52.3380005,17.498209333,2018-05-26T17:33:11.000Z
52.338042667,17.4981525,2018-05-26T17:33:12.000Z
52.338112333,17.498189833,2018-05-26T17:33:13.000Z
52.338188,17.498290833,2018-05-26T17:33:14.000Z
52.338261667,17.498430667,2018-05-26T17:33:15.000Z
52.338319167,17.498564833,2018-05-26T17:33:16.000Z
52.338382167,17.498692833,2018-05-26T17:33:17.000Z
52.338462333,17.498812167,2018-05-26T17:33:18.000Z
52.338551333,17.49888,2018-05-26T17:33:19.000Z
52.338641833,17.498882667,2018-05-26T17:33:20.000Z
52.338719833,17.4988485,2018-05-26T17:33:21.000Z
52.338764,17.498766167,2018-05-26T17:33:22.000Z
52.338779,17.498662833,2018-05-26T17:33:23.000Z
52.338763333,17.498520167,2018-05-26T17:33:24.000Z
52.338713333,17.4983525,2018-05-26T17:33:25.000Z
52.338649833,17.4981855,2018-05-26T17:33:26.000Z
52.33859,17.498020667,2018-05-26T17:33:27.000Z
52.338519,17.497844,2018-05-26T17:33:28.000Z
52.338442333,17.497623,2018-05-26T17:33:29.000Z
52.338375167,17.497425333,2018-05-26T17:33:30.000Z
52.3383165,17.4972555,2018-05-26T17:33:31.000Z
52.338236,17.4970395,2018-05-26T17:33:32.000Z
52.338158,17.496806,2018-05-26T17:33:33.000Z
52.338093,17.496599333,2018-05-26T17:33:34.000Z
52.338026667,17.496419667,2018-05-26T17:33:35.000Z
52.337955,17.496247,2018-05-26T17:33:36.000Z
52.337877333,17.496097833,2018-05-26T17:33:37.000Z
52.337803667,17.495978333,2018-05-26T17:33:38.000Z
52.3377425,17.495927333,2018-05-26T17:33:39.000Z
52.337671833,17.495937833,2018-05-26T17:33:40.000Z
52.337640667,17.496036333,2018-05-26T17:33:41.000Z
52.3376495,17.496189667,2018-05-26T17:33:42.000Z
52.3376965,17.496363167,2018-05-26T17:33:43.000Z
52.337761667,17.4965295,2018-05-26T17:33:44.000Z
52.337826333,17.496692833,2018-05-26T17:33:45.000Z
52.337895667,17.496880667,2018-05-26T17:33:46.000Z
52.337967,17.497071167,2018-05-26T17:33:47.000Z
52.3380275,17.497235833,2018-05-26T17:33:48.000Z
52.3380645,17.497375167,2018-05-26T17:33:49.000Z
52.338069,17.497496667,2018-05-26T17:33:50.000Z
52.3380475,17.497578,2018-05-26T17:33:51.000Z
52.337986833,17.4975755,2018-05-26T17:33:52.000Z
52.337929833,17.497487333,2018-05-26T17:33:53.000Z
52.337856333,17.497321,2018-05-26T17:33:54.000Z
52.337788667,17.497157,2018-05-26T17:33:55.000Z
52.337725333,17.496996833,2018-05-26T17:33:56.000Z
52.337647667,17.4968515,2018-05-26T17:33:57.000Z
52.337567,17.496711,2018-05-26T17:33:58.000Z
52.337482333,17.496631,2018-05-26T17:33:59.000Z
52.337388667,17.4966315,2018-05-26T17:34:00.000Z
52.337307167,17.496733667,2018-05-26T17:34:01.000Z
52.337228,17.496875333,2018-05-26T17:34:02.000Z
52.337141333,17.497033667,2018-05-26T17:34:03.000Z
52.337043,17.497202333,2018-05-26T17:34:04.000Z
52.336945,17.497372667,2018-05-26T17:34:05.000Z
52.336863167,17.4975365,2018-05-26T17:34:06.000Z
52.336794833,17.497687167,2018-05-26T17:34:07.000Z
52.336734,17.4978405,2018-05-26T17:34:08.000Z
52.336691167,17.4979825,2018-05-26T17:34:09.000Z
52.336662667,17.498111333,2018-05-26T17:34:10.000Z
52.336653333,17.498212167,2018-05-26T17:34:11.000Z
52.3366705,17.498297333,2018-05-26T17:34:12.000Z
52.336722667,17.498317167,2018-05-26T17:34:13.000Z
52.336772667,17.498266,2018-05-26T17:34:14.000Z
52.336796667,17.498143667,2018-05-26T17:34:15.000Z
52.336815333,17.498018333,2018-05-26T17:34:16.000Z
52.336843,17.4979285,2018-05-26T17:34:17.000Z
52.336888167,17.497881167,2018-05-26T17:34:18.000Z
52.336940833,17.497901667,2018-05-26T17:34:19.000Z
52.336954,17.497967833,2018-05-26T17:34:20.000Z
52.336944167,17.498048333,2018-05-26T17:34:21.000Z
52.336934167,17.498147667,2018-05-26T17:34:22.000Z
52.336933667,17.498250833,2018-05-26T17:34:23.000Z
52.336961333,17.498316167,2018-05-26T17:34:24.000Z
52.337027167,17.498361333,2018-05-26T17:34:25.000Z
52.337117667,17.498388,2018-05-26T17:34:26.000Z
52.337214667,17.498401667,2018-05-26T17:34:27.000Z
52.337302333,17.498395167,2018-05-26T17:34:28.000Z
52.3373815,17.498376167,2018-05-26T17:34:29.000Z
52.3374465,17.4983265,2018-05-26T17:34:30.000Z
52.337486333,17.498229,2018-05-26T17:34:31.000Z
52.337490667,17.4981335,2018-05-26T17:34:32.000Z
52.337456833,17.498054667,2018-05-26T17:34:33.000Z
52.337383167,17.4980215,2018-05-26T17:34:34.000Z
52.337297833,17.497987333,2018-05-26T17:34:35.000Z
52.337225,17.497941333,2018-05-26T17:34:36.000Z
52.337161833,17.497871667,2018-05-26T17:34:37.000Z
52.337134333,17.4977785,2018-05-26T17:34:38.000Z
52.337143333,17.4976385,2018-05-26T17:34:39.000Z
52.3371545,17.497484667,2018-05-26T17:34:40.000Z
52.337198333,17.497292333,2018-05-26T17:34:41.000Z
52.3372525,17.497123667,2018-05-26T17:34:42.000Z
52.337407667,17.496992,2018-05-26T17:34:44.000Z
52.337489667,17.497051833,2018-05-26T17:34:45.000Z
52.3375785,17.497176833,2018-05-26T17:34:46.000Z
52.337651833,17.4973125,2018-05-26T17:34:47.000Z
52.3377065,17.4974455,2018-05-26T17:34:48.000Z
52.337742833,17.497583333,2018-05-26T17:34:49.000Z
52.337748667,17.497716167,2018-05-26T17:34:50.000Z
52.337727167,17.497873333,2018-05-26T17:34:51.000Z
52.337681667,17.498068333,2018-05-26T17:34:52.000Z
52.337623167,17.498248833,2018-05-26T17:34:53.000Z
52.337588,17.498401667,2018-05-26T17:34:54.000Z
52.337590167,17.498510667,2018-05-26T17:34:55.000Z
52.337641667,17.498564833,2018-05-26T17:34:56.000Z
52.337739,17.498609,2018-05-26T17:34:57.000Z
52.337835667,17.498646333,2018-05-26T17:34:58.000Z
52.337918667,17.498675167,2018-05-26T17:34:59.000Z
52.337997833,17.4987085,2018-05-26T17:35:00.000Z
52.338075833,17.498737167,2018-05-26T17:35:01.000Z
52.338146667,17.498749333,2018-05-26T17:35:02.000Z
52.338196833,17.498714,2018-05-26T17:35:03.000Z
52.338199167,17.498644167,2018-05-26T17:35:04.000Z
52.338146333,17.498568833,2018-05-26T17:35:05.000Z
52.338077833,17.498468833,2018-05-26T17:35:06.000Z
52.338017333,17.498373,2018-05-26T17:35:07.000Z
52.337982333,17.498295,2018-05-26T17:35:08.000Z
52.3379925,17.498211833,2018-05-26T17:35:09.000Z
52.338026167,17.4981665,2018-05-26T17:35:10.000Z
52.338094333,17.498191,2018-05-26T17:35:11.000Z
52.3381665,17.4982965,2018-05-26T17:35:12.000Z
52.3382545,17.498435333,2018-05-26T17:35:13.000Z
52.338316833,17.498565833,2018-05-26T17:35:14.000Z
52.338394333,17.4986885,2018-05-26T17:35:15.000Z
52.338480333,17.4988015,2018-05-26T17:35:16.000Z
52.338571667,17.498858,2018-05-26T17:35:17.000Z
52.3386615,17.498859833,2018-05-26T17:35:18.000Z
52.338736,17.498814167,2018-05-26T17:35:19.000Z
52.3387725,17.498741,2018-05-26T17:35:20.000Z
52.338773667,17.498640167,2018-05-26T17:35:21.000Z
52.338747833,17.498510833,2018-05-26T17:35:22.000Z
52.338699167,17.498349667,2018-05-26T17:35:23.000Z
52.338646167,17.498180667,2018-05-26T17:35:24.000Z
52.338606333,17.498036833,2018-05-26T17:35:25.000Z
52.338559,17.497880667,2018-05-26T17:35:26.000Z
52.338487167,17.497705167,2018-05-26T17:35:27.000Z
52.338415833,17.4975085,2018-05-26T17:35:28.000Z
52.338352667,17.497326833,2018-05-26T17:35:29.000Z
52.338280333,17.497127833,2018-05-26T17:35:30.000Z
52.338201,17.496903167,2018-05-26T17:35:31.000Z
52.338118167,17.496674833,2018-05-26T17:35:32.000Z
52.338042667,17.496486833,2018-05-26T17:35:33.000Z
52.337974167,17.496320167,2018-05-26T17:35:34.000Z
52.337899833,17.4961565,2018-05-26T17:35:35.000Z
52.337826333,17.496012667,2018-05-26T17:35:36.000Z
52.337760667,17.495924,2018-05-26T17:35:37.000Z
52.337702167,17.4958945,2018-05-26T17:35:38.000Z
52.337647667,17.495952333,2018-05-26T17:35:39.000Z
52.337629333,17.496068667,2018-05-26T17:35:40.000Z
52.3376605,17.496221833,2018-05-26T17:35:41.000Z
52.337720833,17.4964075,2018-05-26T17:35:42.000Z
52.3377805,17.496574,2018-05-26T17:35:43.000Z
52.337838667,17.496751,2018-05-26T17:35:44.000Z
52.3379045,17.496960167,2018-05-26T17:35:45.000Z
52.337968833,17.497162333,2018-05-26T17:35:46.000Z
52.338020333,17.49734,2018-05-26T17:35:47.000Z
52.338043167,17.497472667,2018-05-26T17:35:48.000Z
52.338042833,17.497570167,2018-05-26T17:35:49.000Z
52.338006333,17.49762,2018-05-26T17:35:50.000Z
52.3379515,17.49758,2018-05-26T17:35:51.000Z
52.337895,17.497450333,2018-05-26T17:35:52.000Z
52.337825667,17.497286667,2018-05-26T17:35:53.000Z
52.337754333,17.497127833,2018-05-26T17:35:54.000Z
52.337689833,17.496979,2018-05-26T17:35:55.000Z
52.337611167,17.496822333,2018-05-26T17:35:56.000Z
52.337531667,17.496690833,2018-05-26T17:35:57.000Z
52.337440833,17.496627667,2018-05-26T17:35:58.000Z
52.337353833,17.496652667,2018-05-26T17:35:59.000Z
52.337270833,17.496762,2018-05-26T17:36:00.000Z
52.337177667,17.496916333,2018-05-26T17:36:01.000Z
52.337072667,17.497083833,2018-05-26T17:36:02.000Z
52.336967,17.497267,2018-05-26T17:36:03.000Z
52.336870167,17.497443167,2018-05-26T17:36:04.000Z
52.336785333,17.497601333,2018-05-26T17:36:05.000Z
52.336716667,17.497769833,2018-05-26T17:36:06.000Z
52.336674167,17.4979315,2018-05-26T17:36:07.000Z
52.3366475,17.4980805,2018-05-26T17:36:08.000Z
52.336649833,17.498207833,2018-05-26T17:36:09.000Z
52.336671833,17.498254833,2018-05-26T17:36:10.000Z
52.3366805,17.498250167,2018-05-26T17:36:11.000Z
52.336682,17.4982485,2018-05-26T17:36:12.000Z
52.336677667,17.498256,2018-05-26T17:36:13.000Z
52.336675167,17.498258667,2018-05-26T17:36:14.000Z
52.336674833,17.498258333,2018-05-26T17:36:15.000Z
52.336674833,17.498257,2018-05-26T17:36:16.000Z
52.336676833,17.498258167,2018-05-26T17:36:17.000Z
52.336678833,17.498258333,2018-05-26T17:36:18.000Z
52.336679333,17.498261667,2018-05-26T17:36:19.000Z
52.336681,17.498269,2018-05-26T17:36:20.000Z
52.336683333,17.498272,2018-05-26T17:36:21.000Z
52.336687667,17.498274667,2018-05-26T17:36:22.000Z
52.336697,17.498292667,2018-05-26T17:36:24.000Z
52.336694167,17.498296833,2018-05-26T17:36:25.000Z
52.336697,17.4982995,2018-05-26T17:36:26.000Z
52.3366975,17.498299833,2018-05-26T17:36:27.000Z
52.3366965,17.4982965,2018-05-26T17:36:28.000Z
52.3366935,17.498287167,2018-05-26T17:36:29.000Z
52.336687667,17.498283,2018-05-26T17:36:30.000Z
52.336684667,17.498281833,2018-05-26T17:36:31.000Z
52.336683,17.498282667,2018-05-26T17:36:32.000Z
52.3366835,17.498284333,2018-05-26T17:36:33.000Z
52.3366825,17.498285333,2018-05-26T17:36:34.000Z
52.336681333,17.4982835,2018-05-26T17:36:35.000Z
52.336676667,17.498287333,2018-05-26T17:36:36.000Z
52.336677,17.498289,2018-05-26T17:36:37.000Z
52.336676833,17.498287167,2018-05-26T17:36:38.000Z
52.336674667,17.498286833,2018-05-26T17:36:39.000Z
52.336674167,17.498286667,2018-05-26T17:36:40.000Z
52.336671167,17.498287167,2018-05-26T17:36:41.000Z
52.336671,17.498289,2018-05-26T17:36:42.000Z
52.336669667,17.498287333,2018-05-26T17:36:43.000Z
52.336671333,17.4982825,2018-05-26T17:36:44.000Z
52.336672,17.498279333,2018-05-26T17:36:45.000Z
52.3366725,17.498275667,2018-05-26T17:36:46.000Z
52.336674,17.498271333,2018-05-26T17:36:47.000Z
52.336673833,17.498271333,2018-05-26T17:36:48.000Z
52.336674333,17.498269333,2018-05-26T17:36:49.000Z
52.336670833,17.498274833,2018-05-26T17:36:50.000Z
52.336668333,17.4982755,2018-05-26T17:36:51.000Z
52.336667167,17.498271833,2018-05-26T17:36:52.000Z
52.336661833,17.498278333,2018-05-26T17:36:53.000Z
52.3366605,17.4982815,2018-05-26T17:36:54.000Z
52.336662,17.498282167,2018-05-26T17:36:55.000Z
52.336660333,17.498282667,2018-05-26T17:36:56.000Z
52.336662,17.498283833,2018-05-26T17:36:57.000Z
52.3366635,17.4982835,2018-05-26T17:36:58.000Z
52.336663667,17.498283833,2018-05-26T17:36:59.000Z
52.336664667,17.498287167,2018-05-26T17:37:00.000Z
52.336666167,17.498289333,2018-05-26T17:37:01.000Z
52.336665167,17.498289667,2018-05-26T17:37:02.000Z
52.3366635,17.498291333,2018-05-26T17:37:03.000Z
52.336662833,17.498292833,2018-05-26T17:37:04.000Z
52.336662,17.498294667,2018-05-26T17:37:05.000Z
52.3366595,17.4982945,2018-05-26T17:37:06.000Z
52.336659667,17.498296167,2018-05-26T17:37:07.000Z
52.3366595,17.498297667,2018-05-26T17:37:08.000Z
52.336658833,17.498303167,2018-05-26T17:37:09.000Z
52.336661,17.498307833,2018-05-26T17:37:10.000Z
52.3366585,17.498306833,2018-05-26T17:37:11.000Z
52.336656333,17.498307,2018-05-26T17:37:12.000Z
52.3366565,17.498308667,2018-05-26T17:37:13.000Z
52.336662833,17.4983125,2018-05-26T17:37:14.000Z
52.336682667,17.498322833,2018-05-26T17:37:15.000Z
52.3367145,17.498322167,2018-05-26T17:37:16.000Z
52.336741167,17.498294667,2018-05-26T17:37:17.000Z
52.3367575,17.498237333,2018-05-26T17:37:18.000Z
52.336770167,17.498170167,2018-05-26T17:37:19.000Z
52.3367825,17.498101,2018-05-26T17:37:20.000Z
52.336795333,17.4980335,2018-05-26T17:37:21.000Z
52.33681,17.4979575,2018-05-26T17:37:22.000Z
52.336828667,17.497891,2018-05-26T17:37:23.000Z
52.336843167,17.497807667,2018-05-26T17:37:24.000Z
52.336852333,17.497740833,2018-05-26T17:37:25.000Z
52.336866333,17.497695,2018-05-26T17:37:26.000Z
52.3368895,17.497681333,2018-05-26T17:37:27.000Z
52.336913833,17.497686,2018-05-26T17:37:28.000Z
52.336932333,17.497717167,2018-05-26T17:37:29.000Z
52.336942333,17.497765167,2018-05-26T17:37:30.000Z
52.336939333,17.497833833,2018-05-26T17:37:31.000Z
52.3369255,17.497916333,2018-05-26T17:37:32.000Z
52.336913,17.498,2018-05-26T17:37:33.000Z
52.336902,17.4981005,2018-05-26T17:37:34.000Z
52.336895833,17.4981995,2018-05-26T17:37:35.000Z
52.336907667,17.498279833,2018-05-26T17:37:36.000Z
52.336941167,17.498337333,2018-05-26T17:37:37.000Z
52.336995167,17.4983695,2018-05-26T17:37:38.000Z
52.337067,17.498390833,2018-05-26T17:37:39.000Z
52.337136833,17.498406167,2018-05-26T17:37:40.000Z
52.337201167,17.498417833,2018-05-26T17:37:41.000Z
52.337264,17.498413667,2018-05-26T17:37:42.000Z
52.3373185,17.498412667,2018-05-26T17:37:43.000Z
52.337371833,17.498394333,2018-05-26T17:37:44.000Z
52.337417333,17.498350667,2018-05-26T17:37:45.000Z
52.33745,17.498284,2018-05-26T17:37:46.000Z
52.337473167,17.498202,2018-05-26T17:37:47.000Z
52.337473,17.498123167,2018-05-26T17:37:48.000Z
52.337444333,17.498058333,2018-05-26T17:37:49.000Z
52.3373935,17.4980225,2018-05-26T17:37:50.000Z
52.3373335,17.4980085,2018-05-26T17:37:51.000Z
52.337274,17.497984167,2018-05-26T17:37:52.000Z
52.3372215,17.4979455,2018-05-26T17:37:53.000Z
52.337171667,17.497887833,2018-05-26T17:37:54.000Z
52.337139333,17.497813667,2018-05-26T17:37:55.000Z
52.337131167,17.497718333,2018-05-26T17:37:56.000Z
52.337139833,17.497601667,2018-05-26T17:37:57.000Z
52.337158,17.497474167,2018-05-26T17:37:58.000Z
52.3371905,17.4973435,2018-05-26T17:37:59.000Z
52.337227667,17.497210833,2018-05-26T17:38:00.000Z
52.337274333,17.497091833,2018-05-26T17:38:01.000Z
52.337333167,17.497000833,2018-05-26T17:38:02.000Z
52.3374015,17.496955833,2018-05-26T17:38:03.000Z
52.337470667,17.496950667,2018-05-26T17:38:04.000Z
52.337597333,17.4970895,2018-05-26T17:38:06.000Z
52.337641833,17.4971755,2018-05-26T17:38:07.000Z
52.337675333,17.497230833,2018-05-26T17:38:08.000Z
52.3376945,17.497248667,2018-05-26T17:38:09.000Z
52.337720333,17.497242,2018-05-26T17:38:10.000Z
52.337730333,17.497235833,2018-05-26T17:38:11.000Z
52.337750833,17.497228833,2018-05-26T17:38:12.000Z
52.3377835,17.4972345,2018-05-26T17:38:13.000Z
52.337828167,17.4972625,2018-05-26T17:38:14.000Z
52.337876333,17.497292333,2018-05-26T17:38:15.000Z
52.3379185,17.497312167,2018-05-26T17:38:16.000Z
52.337955,17.4973165,2018-05-26T17:38:17.000Z
52.337988167,17.497301667,2018-05-26T17:38:18.000Z
52.338025,17.4972775,2018-05-26T17:38:19.000Z
52.3380635,17.497249667,2018-05-26T17:38:20.000Z
52.338101,17.497211667,2018-05-26T17:38:21.000Z
52.338128667,17.497160667,2018-05-26T17:38:22.000Z
52.338146833,17.497094833,2018-05-26T17:38:23.000Z
52.338153,17.4970275,2018-05-26T17:38:24.000Z
52.338152333,17.496953167,2018-05-26T17:38:25.000Z
52.338148167,17.496885667,2018-05-26T17:38:26.000Z
52.338150667,17.496804,2018-05-26T17:38:27.000Z
52.338158833,17.496746833,2018-05-26T17:38:28.000Z
52.338170333,17.496732,2018-05-26T17:38:29.000Z
52.338185333,17.496717167,2018-05-26T17:38:30.000Z
52.338200833,17.496703833,2018-05-26T17:38:31.000Z
52.338216333,17.496698333,2018-05-26T17:38:32.000Z
52.3382255,17.496700333,2018-05-26T17:38:33.000Z
52.338228833,17.496703167,2018-05-26T17:38:34.000Z
52.338229,17.496701833,2018-05-26T17:38:35.000Z
52.3382285,17.496701833,2018-05-26T17:38:36.000Z
52.338227,17.4967045,2018-05-26T17:38:37.000Z
52.3382255,17.4967075,2018-05-26T17:38:38.000Z
52.338223167,17.496711167,2018-05-26T17:38:39.000Z
52.338223833,17.496710833,2018-05-26T17:38:40.000Z
52.338223333,17.496707333,2018-05-26T17:38:41.000Z
52.338223333,17.4966905,2018-05-26T17:38:42.000Z
52.33822,17.496686,2018-05-26T17:38:43.000Z
52.338219333,17.496689167,2018-05-26T17:38:44.000Z
52.338220833,17.4966905,2018-05-26T17:38:45.000Z
52.338221667,17.496694667,2018-05-26T17:38:46.000Z
52.338224167,17.496695333,2018-05-26T17:38:47.000Z
52.338226333,17.496690667,2018-05-26T17:38:48.000Z
52.338228667,17.496683833,2018-05-26T17:38:49.000Z
52.338228667,17.496689,2018-05-26T17:38:50.000Z
52.338231833,17.496689667,2018-05-26T17:38:51.000Z
52.338234667,17.496691,2018-05-26T17:38:52.000Z
52.338234833,17.496692833,2018-05-26T17:38:53.000Z
52.338238167,17.496694,2018-05-26T17:38:54.000Z
52.338243667,17.496687667,2018-05-26T17:38:55.000Z
52.338244833,17.496687333,2018-05-26T17:38:56.000Z
52.338243667,17.496684,2018-05-26T17:38:57.000Z
52.3382445,17.496694,2018-05-26T17:38:58.000Z
52.338245833,17.496696333,2018-05-26T17:38:59.000Z
52.338254167,17.496700833,2018-05-26T17:39:00.000Z
52.338261667,17.496708167,2018-05-26T17:39:01.000Z
52.338267,17.4967105,2018-05-26T17:39:02.000Z
52.338267167,17.496710667,2018-05-26T17:39:03.000Z
52.3382675,17.496712333,2018-05-26T17:39:04.000Z
52.338268833,17.496715667,2018-05-26T17:39:05.000Z
52.338267833,17.496723,2018-05-26T17:39:06.000Z
52.338268667,17.496723667,2018-05-26T17:39:07.000Z
52.338268833,17.496724167,2018-05-26T17:39:08.000Z
52.338268333,17.496725,2018-05-26T17:39:09.000Z
52.338267333,17.496725667,2018-05-26T17:39:10.000Z
52.3382675,17.496726167,2018-05-26T17:39:11.000Z
52.338264167,17.496729833,2018-05-26T17:39:12.000Z
52.338263333,17.496726667,2018-05-26T17:39:13.000Z
52.3382625,17.496727,2018-05-26T17:39:14.000Z
52.338262333,17.496723833,2018-05-26T17:39:15.000Z
52.338261167,17.496721833,2018-05-26T17:39:16.000Z
52.338259667,17.496721833,2018-05-26T17:39:17.000Z
52.338258667,17.496721167,2018-05-26T17:39:18.000Z
52.338258333,17.496721167,2018-05-26T17:39:19.000Z
52.338260833,17.496723167,2018-05-26T17:39:20.000Z
52.338261,17.496726,2018-05-26T17:39:21.000Z
52.3382595,17.496731,2018-05-26T17:39:22.000Z
52.338258667,17.496732167,2018-05-26T17:39:23.000Z
52.3382585,17.496733,2018-05-26T17:39:24.000Z
52.3382615,17.496733667,2018-05-26T17:39:25.000Z
52.3382625,17.496733667,2018-05-26T17:39:26.000Z
52.338264,17.496733667,2018-05-26T17:39:27.000Z
52.338264667,17.4967335,2018-05-26T17:39:28.000Z
52.338265667,17.496733167,2018-05-26T17:39:29.000Z
52.338266333,17.496733167,2018-05-26T17:39:30.000Z
52.338266667,17.496733167,2018-05-26T17:39:31.000Z
52.3382675,17.496732167,2018-05-26T17:39:32.000Z
52.338267667,17.496731167,2018-05-26T17:39:33.000Z
52.338268333,17.4967305,2018-05-26T17:39:34.000Z
52.338269,17.496729,2018-05-26T17:39:35.000Z
52.338269667,17.4967285,2018-05-26T17:39:36.000Z
52.3382705,17.496726833,2018-05-26T17:39:37.000Z
52.338271333,17.496725167,2018-05-26T17:39:38.000Z
52.338272333,17.4967235,2018-05-26T17:39:39.000Z
52.338273333,17.496722167,2018-05-26T17:39:40.000Z
52.338274167,17.496720167,2018-05-26T17:39:41.000Z
52.338274667,17.496718667,2018-05-26T17:39:42.000Z
52.338275167,17.496716833,2018-05-26T17:39:43.000Z
52.338275667,17.496715833,2018-05-26T17:39:44.000Z
52.338276167,17.496714667,2018-05-26T17:39:45.000Z
52.338277167,17.4967125,2018-05-26T17:39:47.000Z
52.338277667,17.496711833,2018-05-26T17:39:48.000Z
52.338278,17.496712667,2018-05-26T17:39:49.000Z
52.338278167,17.4967125,2018-05-26T17:39:50.000Z
52.3382785,17.496712333,2018-05-26T17:39:51.000Z
52.338278667,17.496712333,2018-05-26T17:39:52.000Z
52.338278833,17.496713,2018-05-26T17:39:53.000Z
52.338278833,17.4967135,2018-05-26T17:39:54.000Z
52.338278667,17.496714,2018-05-26T17:39:55.000Z
52.338278667,17.496714833,2018-05-26T17:39:56.000Z
52.3382785,17.496715833,2018-05-26T17:39:57.000Z
52.338278333,17.4967165,2018-05-26T17:39:58.000Z
52.338278333,17.4967165,2018-05-26T17:39:59.000Z
52.338278833,17.496716667,2018-05-26T17:40:00.000Z
52.338278167,17.496716333,2018-05-26T17:40:01.000Z
52.338277333,17.4967185,2018-05-26T17:40:02.000Z
52.338276833,17.496720167,2018-05-26T17:40:03.000Z
52.338277167,17.496720167,2018-05-26T17:40:04.000Z
52.3382775,17.496719333,2018-05-26T17:40:05.000Z
52.338277667,17.496719833,2018-05-26T17:40:06.000Z
52.338277833,17.496720167,2018-05-26T17:40:07.000Z
52.338277833,17.49672,2018-05-26T17:40:08.000Z
52.338277833,17.496720833,2018-05-26T17:40:09.000Z
52.338278,17.496722667,2018-05-26T17:40:10.000Z
52.338278167,17.496723,2018-05-26T17:40:11.000Z
52.338278333,17.496722333,2018-05-26T17:40:12.000Z
52.3382785,17.496721833,2018-05-26T17:40:13.000Z
52.3382785,17.496722167,2018-05-26T17:40:14.000Z
52.338278667,17.496721833,2018-05-26T17:40:15.000Z
52.338278667,17.496721667,2018-05-26T17:40:16.000Z
52.338278667,17.4967215,2018-05-26T17:40:17.000Z
52.338278833,17.496720667,2018-05-26T17:40:18.000Z
52.338279,17.496721,2018-05-26T17:40:19.000Z
52.3382795,17.496721,2018-05-26T17:40:20.000Z
52.3382795,17.496720667,2018-05-26T17:40:21.000Z
52.3382795,17.496720667,2018-05-26T17:40:22.000Z
52.338279667,17.496720167,2018-05-26T17:40:23.000Z
52.33828,17.496719333,2018-05-26T17:40:24.000Z
52.338280333,17.496717,2018-05-26T17:40:25.000Z
52.3382805,17.496715833,2018-05-26T17:40:26.000Z
52.338280833,17.496714333,2018-05-26T17:40:27.000Z
52.338280833,17.496713667,2018-05-26T17:40:28.000Z
52.338281,17.496713167,2018-05-26T17:40:29.000Z
52.3382815,17.496711833,2018-05-26T17:40:30.000Z
52.338281667,17.496711,2018-05-26T17:40:31.000Z
52.338281667,17.496710667,2018-05-26T17:40:32.000Z
52.338281833,17.496709833,2018-05-26T17:40:33.000Z
52.338281667,17.496708167,2018-05-26T17:40:34.000Z
52.338281667,17.496706667,2018-05-26T17:40:35.000Z
52.338281667,17.496705167,2018-05-26T17:40:36.000Z
52.3382815,17.496703833,2018-05-26T17:40:37.000Z
52.3382815,17.496702333,2018-05-26T17:40:38.000Z
52.3382815,17.496701,2018-05-26T17:40:39.000Z
52.338281333,17.496700167,2018-05-26T17:40:40.000Z
52.338281333,17.496699167,2018-05-26T17:40:41.000Z
52.338281,17.496698,2018-05-26T17:40:42.000Z
52.338280667,17.496697,2018-05-26T17:40:43.000Z
52.3382805,17.496696333,2018-05-26T17:40:44.000Z
52.3382805,17.496696,2018-05-26T17:40:45.000Z
52.338280833,17.4966955,2018-05-26T17:40:46.000Z
52.338281,17.4966945,2018-05-26T17:40:47.000Z
52.3382815,17.496693833,2018-05-26T17:40:48.000Z
52.338282167,17.496693833,2018-05-26T17:40:49.000Z
52.338282667,17.496693333,2018-05-26T17:40:50.000Z
52.3382835,17.496692833,2018-05-26T17:40:51.000Z
52.338284333,17.496691667,2018-05-26T17:40:52.000Z
52.338285,17.496691,2018-05-26T17:40:53.000Z
52.338285667,17.496690167,2018-05-26T17:40:54.000Z
52.3382865,17.496689167,2018-05-26T17:40:55.000Z
52.338287333,17.496687833,2018-05-26T17:40:56.000Z
52.338288,17.496687333,2018-05-26T17:40:57.000Z
52.338288667,17.496687167,2018-05-26T17:40:58.000Z
52.3382895,17.496687167,2018-05-26T17:40:59.000Z
52.338290333,17.496686833,2018-05-26T17:41:00.000Z
52.338291,17.496686667,2018-05-26T17:41:01.000Z
52.3382915,17.496686667,2018-05-26T17:41:02.000Z
52.338291833,17.496686167,2018-05-26T17:41:03.000Z
52.338292167,17.496686167,2018-05-26T17:41:04.000Z
52.338292333,17.496686667,2018-05-26T17:41:05.000Z
52.3382925,17.496688333,2018-05-26T17:41:06.000Z
52.3382925,17.496689,2018-05-26T17:41:07.000Z
52.338292333,17.496689667,2018-05-26T17:41:08.000Z
52.338292167,17.4966905,2018-05-26T17:41:09.000Z
52.338292167,17.496691833,2018-05-26T17:41:10.000Z
52.338291833,17.496693667,2018-05-26T17:41:11.000Z
52.338291833,17.4966955,2018-05-26T17:41:12.000Z
52.338291833,17.496697,2018-05-26T17:41:13.000Z
52.338292,17.496697833,2018-05-26T17:41:14.000Z
52.338291833,17.496699833,2018-05-26T17:41:15.000Z
52.338292,17.496701,2018-05-26T17:41:16.000Z
52.338292167,17.496702333,2018-05-26T17:41:17.000Z
52.338292333,17.496702167,2018-05-26T17:41:18.000Z
52.3382925,17.496703167,2018-05-26T17:41:19.000Z
52.338292667,17.496704333,2018-05-26T17:41:20.000Z
52.338292667,17.496705167,2018-05-26T17:41:21.000Z
52.338292667,17.496706333,2018-05-26T17:41:22.000Z
52.3382925,17.496707333,2018-05-26T17:41:23.000Z
52.338292167,17.496708333,2018-05-26T17:41:24.000Z
52.338291667,17.496709,2018-05-26T17:41:25.000Z
52.338291,17.49671,2018-05-26T17:41:27.000Z
52.338290667,17.496711333,2018-05-26T17:41:28.000Z
52.338290333,17.496712333,2018-05-26T17:41:29.000Z
52.338290167,17.496713167,2018-05-26T17:41:30.000Z
52.338289833,17.496713833,2018-05-26T17:41:31.000Z
52.338289667,17.496715167,2018-05-26T17:41:32.000Z
52.3382895,17.496716167,2018-05-26T17:41:33.000Z
52.338289333,17.496716833,2018-05-26T17:41:34.000Z
52.338289167,17.496717,2018-05-26T17:41:35.000Z
52.338289,17.496717667,2018-05-26T17:41:36.000Z
52.338288833,17.496718,2018-05-26T17:41:37.000Z
52.338288667,17.496717833,2018-05-26T17:41:38.000Z
52.338288667,17.496716667,2018-05-26T17:41:39.000Z
52.3382885,17.496715833,2018-05-26T17:41:40.000Z
52.338288333,17.496714167,2018-05-26T17:41:41.000Z
52.338288333,17.496713167,2018-05-26T17:41:42.000Z
52.338288167,17.496712333,2018-05-26T17:41:43.000Z
52.338288,17.4967105,2018-05-26T17:41:44.000Z
52.338288167,17.496709333,2018-05-26T17:41:45.000Z
52.338288333,17.496707667,2018-05-26T17:41:46.000Z
52.338288333,17.496705333,2018-05-26T17:41:47.000Z
52.338288333,17.496703,2018-05-26T17:41:48.000Z
52.338288167,17.496701333,2018-05-26T17:41:49.000Z
52.338288167,17.4967,2018-05-26T17:41:50.000Z
52.338288167,17.496698667,2018-05-26T17:41:51.000Z
52.338288,17.496696167,2018-05-26T17:41:52.000Z
52.338287833,17.496694,2018-05-26T17:41:53.000Z
52.338287667,17.4966925,2018-05-26T17:41:54.000Z
52.3382875,17.496692,2018-05-26T17:41:55.000Z
52.338287167,17.496690333,2018-05-26T17:41:56.000Z
52.338287,17.496689167,2018-05-26T17:41:57.000Z
52.338287,17.496688,2018-05-26T17:41:58.000Z
52.338287333,17.496686833,2018-05-26T17:41:59.000Z
52.338287333,17.496685333,2018-05-26T17:42:00.000Z
52.338287333,17.496683833,2018-05-26T17:42:01.000Z
52.338287333,17.496682667,2018-05-26T17:42:02.000Z
52.338287333,17.4966815,2018-05-26T17:42:03.000Z
52.338287333,17.4966805,2018-05-26T17:42:04.000Z
52.3382875,17.496679333,2018-05-26T17:42:05.000Z
52.3382875,17.496678167,2018-05-26T17:42:06.000Z
52.3382875,17.496677333,2018-05-26T17:42:07.000Z
52.33828